METTL14,ACTACCC
METTL3,ACACGAC
YTHDC1,AATCAAC
YTHDC2,AGTATGC
YTHDF1,ATGTCGC
YTHDF2,ACATCAC
YTHDF3,ACGCTTC
AARS,CTCCTGC
ASXL1,CCTCCGC
COX7B,CTCACGC
CTGF,CAAACTC
DLX4,CGAATTC
EME2,CACCAGC
HINT2,CAGCGTC
HNRNPC,CTATATC
HOTAIRM1,CACGGGC
HSPA1B,CGACGTC
LAGE3,CACCTGC
LYPLA2,CATGATC
MAGEB2,CTTACTC
MIR17HG,CATCCCC
NDUFA1,CACAATC
NHP2,CGTCGTC
PTOV1,CATTACC
PWWP2B,CTAAAAC
RHOB,CGGTATC
S100A6,CTTTCGC
SAMD1,CGGTCAC
SNHG17,CGTAACC
TIGD5,CGCCTAC
TIMM8B,CGAATAC
TXN,CAATTTC
UBE2C,CGGCAGC
ZNF587,CTTTTAC
ZXDB,CGCACAC
A4GALT,CATACGC
AASS,CTAAGTC
ABCA13,CCTAGGC
ABCC1,CCTCTAC
ABHD17A,CTGACCC
ABL1,CCTCCCC
ABL2,CTACGGC
ACAD10,CAATGGC
ACTA2,CACGTGC
ADAR,CCTATAC
ADARB1,CGCCGTC
ADAT1,CTATTCC
ADCY3,CGCGGTC
ADCY7,CCACACC
ADCY9,CCTTGAC
ADNP,CTATGTC
ADNP2,CGTCCGC
ADPRHL2,CACCTTC
ADRB1,CTCTAAC
AFAP1,CCTGCAC
AFF1,CGGAGAC
AGPAT3,CTACTGC
AHCTF1,CGATAAC
AHNAK,CCGGGGC
AHNAK2,CTGGCTC
AHRR,CGATGGC
AKAP1,CCGATAC
AKAP13,CGACACC
ALDH18A1,CAACTTC
ALDH1B1,CAGCCCC
ALG2,CTGCGCC
ALKBH5,CACCTCC
AMOTL1,CCACATC
AMOTL2,CTGCGAC
ANKLE2,CATCTAC
ANKRD11,CGTGTGC
ANKRD17,CGAGCCC
ANKRD28,CCCCACC
ANKRD52,CGGTCCC
ANXA2R,CCTAGAC
AP1G1,CTCCCTC
AP2B1,CCACTTC
AP2S1,CGTTTAC
AP5B1,CCAACAC
AP5M1,CGATTAC
APLP1,CCGTCAC
ARFGAP1,CGATCAC
ARHGAP17,CCGTCTC
ARHGAP21,CCAGTTC
ARHGAP35,CCGTTAC
ARHGEF12,CGAAGAC
ARHGEF17,CCCCATC
ARID1A,CCTAGCC
ARID1B,CACGGTC
ARID2,CCTGACC
ARID5B,CTTATTC
ARL4D,CCCAACC
ARSG,CATTGGC
ASB13,CCGTGTC
ASB6,CGGGTAC
ASH1L,CAGTCCC
ATF3,CCTCCAC
ATG5,CCATTTC
ATMIN,CGGGGTC
ATP10D,CCTTACC
ATP11A,CTTGAGC
ATP1A1,CAAGCAC
ATP2B4,CACCCTC
ATP7B,CATTGAC
ATP8A1,CAATCTC
ATP9A,CGGCTTC
ATXN1L,CGAAAAC
ATXN7L3B,CCCTAAC
AXIN1,CAGTACC
B3GALT6,CCTGAAC
B3GNT2,CGTAGAC
BACE2,CTGGTCC
BACH1,CGCTAGC
BAD,CTTATCC
BAHD1,CCGGGAC
BCAR1,CGAGAAC
BCL2L1,CCGCCTC
BCL9L,CTATAGC
BCOR,CTTCCTC
BDKRB2,CCCGCCC
BFAR,CTCTCAC
BICD1,CGGGGCC
BIN1,CGATGCC
BIRC5,CTGTCAC
BLVRA,CGACTTC
BLVRB,CGTGCCC
BOP1,CACCTAC
BRI3BP,CGACTGC
BTBD3,CCAAAAC
BTN2A1,CTGAGAC
BTN3A2,CTAACGC
BUD31,CCTGGCC
BYSL,CGGGATC
C12ORF49,CGTGGCC
C14ORF119,CGATCGC
C15ORF39,CGGAGCC
C17ORF51,CTTAGAC
C17ORF62,CAAAAGC
C1ORF216,CCGATCC
C5ORF15,CGGCTGC
C5ORF30,CTCCCAC
C6ORF89,CTCCAGC
CACNA1D,CTGTCCC
CALM3,CTGTTCC
CAMKK1,CGTTGTC
CAMSAP1,CCCCAGC
CAND1,CTGATGC
CANT1,CGTCCCC
CANX,CTTATGC
CBFA2T2,CGAAATC
CBFB,CGTAAAC
CBR1,CAGTGGC
CBX3,CCGGTAC
CBX4,CACAAAC
CBX6,CTCTCGC
CCDC127,CAGAATC
CCDC14,CTCCGAC
CCDC51,CTCTACC
CCDC57,CCTCGGC
CCM2,CTGTTTC
CCNB2,CTTTGAC
CCND1,CTAAATC
CCNF,CATTTGC
CCNL2,CCTGCCC
CCNT1,CCACCTC
CDC16,CTAACTC
CDC6,CAAATTC
CDCA2,CGCTTGC
CDCA7,CATTCGC
CDK1,CAAGGGC
CDK10,CGCAGCC
CDK12,CACATGC
CDK13,CCGCATC
CDKN1A,CTGTGTC
CDYL,CGAGGTC
CDYL2,CAGGAAC
CEBPB,CAGTTAC
CEBPZ,CGGTGTC
CELSR2,CACGAAC
CENPF,CAGAGGC
CENPO,CTCCGCC
CHD4,CCCCTAC
CHD8,CTTAGCC
CHML,CAGGAGC
CHMP1B,CACGGAC
CHPF2,CCGTTGC
CHRNA5,CAGGTAC
CHRNB1,CGACCCC
CHST12,CACAACC
CHST14,CTACCAC
CHST15,CCGTACC
CHST3,CGCGCGC
CHSY1,CGTATCC
CKAP4,CTCATGC
CKAP5,CCCGCTC
CKS1B,CAGATAC
CKS2,CATCAGC
CLCN4,CTCCCCC
CLTC,CGCTAAC
CLU,CAACCCC
CNNM2,CTTCGCC
CNOT1,CGTACCC
CNST,CAGCACC
COG1,CCAACTC
COL7A1,CTCAAGC
COX6C,CTACGTC
CPD,CTCTGAC
CPS1,CGTCCTC
CREBBP,CCGGCGC
CREBZF,CCGAGGC
CRIP1,CACACAC
CRIP2,CGGCTCC
CRKL,CAGAACC
CROCCP2,CGGAGTC
CRTC3,CCAGGTC
CSRNP1,CGTGTAC
CSRNP2,CAATCGC
CSTB,CTCCTAC
CSTF1,CGTTTCC
CSTF2T,CAGGCTC
CSTF3,CTAATGC
CTNNA1,CCAGAGC
CTNNB1,CCCGCAC
CTNND1,CTGCGTC
CUX1,CCACGTC
CXXC5,CAACTCC
CYFIP1,CACATAC
DAG1,CCCGAGC
DCLRE1B,CCCTACC
DDIT4,CATGAAC
DDX24,CCTGTTC
DDX3X,CGGTCTC
DDX42,CTCTTGC
DEDD2,CTTGCGC
DENND5A,CAATAGC
DGCR11,CGACCAC
DGKD,CACCATC
DHPS,CAGGTGC
DHX30,CGAACTC
DHX33,CTGTTGC
DHX9,CTGGGAC
DIDO1,CAACAGC
DIXDC1,CTTACCC
DLG5,CGGCTAC
DMAP1,CATAAGC
DNAJB1,CTCATAC
DNAJB11,CGGTCGC
DNAJC1,CCCGACC
DNAJC14,CGCTCTC
DNAJC2,CAATTCC
DNAJC5,CCTTCTC
DNASE2,CCGCGGC
DPF2,CTCGACC
DPM1,CACTGAC
DRG2,CGCAGAC
DSC3,CTGCCCC
DSCC1,CAAGGTC
DSE,CCGTAGC
DSP,CAATAAC
DTL,CTCCTCC
DUSP1,CATTGCC
DUSP16,CGCGCTC
DUSP23,CAATTAC
DYNC1H1,CAGATCC
DYRK2,CAACCTC
E2F4,CTTGCTC
EEF2,CGGTAAC
EGFR,CATGTTC
EHD1,CAGGCCC
EHMT1,CACACGC
EIF2B1,CATGGGC
EIF3A,CTCTGGC
EIF3B,CGATCCC
EIF3H,CTATCGC
EIF4G1,CATAGTC
ELAC2,CCACAGC
ELK1,CAGACGC
ELK4,CTCCACC
EMILIN2,CATTAAC
EP300,CCGTATC
EP400,CTACATC
EPHA2,CACCGTC
EPPK1,CTCTGCC
EPRS,CGCATGC
ERC1,CCGAAAC
ERCC2,CGATCTC
ERCC5,CCGCAGC
ERGIC2,CGTTGGC
ERVK13-1,CCTTGTC
ESYT1,CGGTTAC
ETF1,CAAGGCC
ETS2,CTGTAAC
ETV3,CCATCGC
EXD2,CTGCCTC
EXOSC3,CGGTTCC
EXOSC6,CCGACCC
EXT2,CCGACGC
EXTL3,CCCTCGC
FAF2,CCCCTCC
FAM107B,CCTAACC
FAM160A2,CCTCGCC
FAM168A,CAGCAAC
FAM208B,CACTTTC
FAM20C,CAATATC
FAM78A,CACGAGC
FAM83D,CCCGTTC
FANCI,CTGCAGC
FAS,CAAGCGC
FASN,CCCTAGC
FASTK,CTCTTAC
FAT1,CCTGGTC
FBXO31,CCTCACC
FBXO34,CCTCCTC
FBXO42,CTGAAGC
FBXO46,CTTGTCC
FBXO5,CTTCTGC
FBXW2,CTGACTC
FEM1A,CTATTTC
FEM1B,CGATAGC
FEN1,CGTATAC
FGFBP1,CGTGAAC
FIGNL1,CACATTC
FITM2,CACGATC
FJX1,CCCAAGC
FLNA,CTAGTGC
FLNB,CGGCGAC
FMR1,CGGCCGC
FOXC2,CAGCCAC
FOXF1,CAGACTC
FOXK1,CTCAGTC
FOXK2,CAGCGAC
FOXO3,CTTCGTC
FRAT2,CCCCCGC
FSTL1,CCCGGAC
FTO,CAGTAAC
FTSJ3,CTCAATC
FUCA1,CTCTTCC
FUT1,CAGTCGC
FZD6,CTCAACC
FZR1,CCCATCC
GALNT2,CCATATC
GAMT,CACACCC
GAPVD1,CCAATCC
GAR1,CATACCC
GCC1,CCGGTGC
GDF11,CCACGGC
GEMIN4,CGATTTC
GEMIN5,CGATGTC
GEN1,CCAGTCC
GFM1,CTGACGC
GGA3,CAAGACC
GINS2,CGGAACC
GJC1,CTTTTCC
GLDC,CGAATGC
GLG1,CAGGGAC
GLOD4,CTGGAGC
GLT8D1,CAAACAC
GMEB2,CTGGATC
GMNN,CCTGCGC
GNA12,CAATGTC
GNA13,CGCGATC
GNPNAT1,CGTCATC
GOSR1,CAAGGAC
GPR161,CACTTCC
GPRC5B,CTCAGCC
GRSF1,CTCCGGC
GRWD1,CATCGGC
GSN,CCTTCCC
GSPT1,CGGATTC
GSTO1,CGCCATC
GTF2A1,CTAGTAC
GTF3C2,CTAGAAC
GTF3C4,CCCGGCC
HARS2,CCGACAC
HCFC1,CGCCGAC
HDGF,CCCGGGC
HDHD3,CCAGAAC
HEATR1,CGCCGGC
HEBP1,CGACAGC
HEG1,CCATTAC
HEXA,CGTGACC
HEXIM1,CCTTCAC
HJURP,CGCGAAC
HK1,CATGTAC
HK2,CTAAACC
HLTF,CTGTCTC
HMGB2,CGGCCAC
HNRNPA0,CTGGAAC
HNRNPA2B1,CTGGGGC
HNRNPF,CCATTGC
HNRNPH2,CGTTCCC
HOXC13,CGGATGC
HOXD10,CCCTGTC
HPS6,CCCTTAC
HS6ST3,CGCACGC
HSDL1,CTGTGCC
HUWE1,CATGCTC
HYAL1,CGGTGAC
IARS2,CTAGGCC
ICAM1,CGGGTTC
ICMT,CCTAAAC
IDI1,CCGCACC
IFNAR1,CTCCGTC
IGF1R,CCAAACC
IGF2BP1,CCCCCTC
IGF2BP2,CCAAGAC
IGF2BP3,CTCTTTC
IGSF3,CGAGGAC
IMP3,CAGACAC
INSL4,CCCCTTC
INTS5,CGGTTGC
IP6K1,CATTTAC
IPO5,CGGGCGC
IQGAP1,CCGAACC
IQSEC1,CGCGAGC
IRF2BP2,CGTCAGC
IRS2,CCAAATC
ISG20L2,CTGTATC
ITGA5,CGGACAC
ITGB3,CCGGGTC
ITPRIP,CCCAGGC
ITPRIPL2,CACGTAC
IVD,CAAAGTC
JAGN1,CCCTGGC
JOSD1,CTTCGGC
JRK,CTTTGCC
JUND,CCCGTAC
KANK2,CGACGCC
KANK4,CGGAAGC
KANSL1,CTTTAAC
KANSL3,CATTATC
KAT2A,CACGCAC
KAT6A,CCGAATC
KBTBD6,CTAATAC
KCTD15,CTATGGC
KCTD2,CTTTCTC
KCTD20,CACCCGC
KEAP1,CCCGGTC
KIAA0100,CCTCTCC
KIAA1549,CATTCCC
KIDINS220,CTCGCTC
KIF13A,CCAAGGC
KIF1B,CCAGGAC
KIF23,CTGCTCC
KIF26A,CCTGTCC
KIF3B,CTTGATC
KITLG,CGCATCC
KLF13,CGCAATC
KLF4,CGCGGGC
KLF5,CCTCAAC
KLHL13,CGACTAC
KLHL17,CTTACAC
KLHL18,CAACCAC
KLHL21,CTGTACC
KLHL9,CTTCAGC
KPNA6,CCGGAAC
KTN1,CTGCTTC
L3MBTL2,CCTGGAC
LAMB1,CTCCATC
LAMB2,CCTGTGC
LAMC1,CACTGTC
LARP1,CGGTAGC
LARS2,CAAGATC
LATS1,CGAAGCC
LATS2,CAACATC
LCLAT1,CACCCCC
LDOC1,CTTTTGC
LENG8,CGAAAGC
LETM1,CGCCTCC
LGALS3BP,CGACTCC
LGR4,CTCAAAC
LIMD1,CATAGCC
LIN28B,CCCAGAC
LMTK2,CAAATAC
LNPEP,CCGTGCC
LRFN4,CAGGTTC
LRP1,CTGGTTC
LRRC8A,CACCGCC
LRRC8D,CTCTCCC
LRRN2,CGGTACC
LSM1,CTTGTAC
MAD2L1BP,CAATCCC
MAFK,CATTCTC
MAGEF1,CCGATGC
MALAT1,CAGAGCC
MAML1,CGCCTTC
MAN2C1,CGTCTCC
MAP1S,CGAGAGC
MAP2K4,CTAAAGC
MAPK3,CTGAGTC
MAPK4,CTCATCC
MAPK6,CAGATTC
MAPK8IP3,CGATTCC
MARS2,CCGTTTC
MARVELD1,CTTCCCC
MAT2A,CGATTGC
MATK,CACTATC
MAZ,CCACTCC
MBTPS1,CTGCCAC
MCL1,CGTGTCC
MCM2,CTCCAAC
MCM4,CAGCTAC
MCM5,CCCGCGC
MCM6,CGTACAC
MDM4,CTTTCAC
MED13,CACAGGC
MED13L,CAAAGGC
MED26,CCTTTCC
MED27,CGCCGCC
MEGF9,CGGCCTC
MET,CTTTGGC
METRNL,CGGCACC
METTL7A,CATCCGC
MFHAS1,CTAATTC
MGA,CGTTCAC
MGAT2,CTTGAAC
MGAT5,CTTTCCC
MGST2,CTGCTGC
MID1,CCCTCTC
MID1IP1,CTATCTC
MKI67,CAGGATC
MKL2,CAAATCC
MKRN2,CCGATTC
MLLT1,CTGACAC
MN1,CAATGAC
MOGS,CGGGACC
MPG,CCGTGGC
MRFAP1L1,CCATAAC
MRPL15,CCTACAC
MRPL20,CTTAAGC
MRPL34,CGGATCC
MRPL51,CCACTGC
MRPS23,CATTGTC
MSANTD3,CGAACGC
MSH6,CTCGGCC
MSL2,CCGGATC
MTDH,CCACCCC
MTMR4,CATCTGC
MTOR,CCGCGCC
MUM1,CACTCTC
MYBBP1A,CCGTTCC
MYC,CATCGCC
MYH10,CCTGGGC
MYL9,CGATACC
MYO10,CGGAGGC
MYO1B,CTCGTGC
MYO1C,CTCCCGC
MYO1E,CCTTATC
MYO9B,CTAGCCC
MYPN,CTACGCC
MZF1,CCGAGCC
NAA40,CAACAAC
NAB1,CCTTTAC
NACC2,CACTTAC
NAT10,CATCTTC
NAT9,CAACGTC
NCAPD2,CCGCTGC
NCAPG,CCTACTC
NCBP2,CTCCTTC
NDC80,CAGTTGC
NDST1,CGTTAGC
NDUFS3,CAGTTTC
NDUFS4,CTTCTCC
NDUFS7,CTCGCCC
NEAT1,CAAAATC
NECAP2,CCCTGCC
NEU3,CGCAAAC
NFATC3,CTAGGGC
NFE2L1,CAGTTCC
NFIC,CATCCTC
NFIL3,CCATACC
NFKBIE,CCTCTGC
NFYA,CGTCTGC
NIF3L1,CGGCCCC
NIPBL,CCAGCCC
NKD2,CGCCCGC
NKRF,CTCGATC
NOL6,CGTCTTC
NOP56,CCTTGGC
NOSIP,CATATTC
NOTCH2,CACAGTC
NPDC1,CTCGTTC
NR3C1,CACCGAC
NREP,CATTTTC
NSD1,CCAGATC
NSUN2,CCACCGC
NSUN6,CCTGATC
NTHL1,CTGCAAC
NUAK1,CGTTCGC
NUAK2,CTCTGTC
NUDCD2,CAACTAC
NUF2,CTACAAC
NUP153,CAGAAAC
NUP155,CATAGAC
NUP160,CTAATCC
NUP188,CCCAGTC
NUP214,CCGGCTC
NUP50,CACTGCC
NUSAP1,CAGGGGC
NXT1,CCTATCC
OCIAD2,CTGCCGC
ODF2L,CTAAGAC
OGDH,CCAGCTC
OLFM1,CCACTAC
ONECUT2,CTGGTGC
OXSR1,CACCACC
PANX1,CATGGAC
PAPD7,CTGAAAC
PAPSS2,CTCTAGC
PAQR4,CGTACTC
PARL,CGCCCAC
PAXBP1,CCGTAAC
PC,CAGGCGC
PCBP1,CTCGGTC
PCDH10,CCCGATC
PCNA,CGCCTGC
PCYOX1,CGTGGGC
PDPR,CTCGCGC
PEG10,CAACGGC
PFAS,CTATGCC
PFKFB3,CTTTATC
PHF12,CGGACGC
PHF20,CGACCGC
PHLDB2,CCGACTC
PHLPP2,CGAGACC
PI4KB,CTTCCAC
PIAS1,CTTTACC
PIGC,CGAAGTC
PIGW,CGAGCAC
PIK3C2B,CCCACTC
PIK3CB,CTGAGGC
PIK3R4,CGGTGCC
PIP4K2B,CAAGAAC
PIP5K1C,CACGTCC
PISD,CTATGAC
PITX1,CAAGTAC
PKD1,CGCTACC
PLAGL1,CAACCGC
PLCG1,CTTGTGC
PLEC,CATGACC
PLEKHF2,CTAGTCC
PLEKHH3,CAAAACC
PLXNB2,CGAGATC
PM20D2,CCTTTGC
PMPCA,CTAAGGC
PNMA1,CGTCGAC
PODXL,CGTTTTC
POGK,CGATGAC
POGZ,CCCCGTC
POLR2B,CACCGGC
PPARGC1A,CTAGACC
PPIG,CTAAGCC
PPIL2,CCTCTTC
PPM1B,CGACCTC
PPM1D,CACACTC
PPM1G,CGAGTCC
PPP1R15B,CAGTGTC
PPP1R26,CCTCGAC
PPP2R2D,CACTAAC
PPP4R1,CGCTGGC
PPRC1,CCCCTGC
PRDM4,CGGGCAC
PREP,CAGCCTC
PRIM1,CTCGAAC
PRKD3,CATCGAC
PRLR,CGGACCC
PRPF31,CGCACTC
PRPF4,CCCCGCC
PRPF8,CCGGTCC
PRR5L,CCATGCC
PRRC2A,CAGTGCC
PRRC2B,CGACAAC
PRSS23,CCATAGC
PSEN1,CTAGTTC
PSENEN,CGTGGTC
PSMB10,CTACTCC
PSMB8,CGAGGCC
PSMC1,CCCTATC
PSMD2,CTGAACC
PSME4,CACGCCC
PTPRJ,CAATTGC
PTRH2,CGCACCC
PUM2,CACGCTC
PURB,CTGCACC
PWP2,CGTTAAC
PXDN,CACAAGC
PYGO1,CATGTGC
QRICH1,CTAGATC
QSER1,CGAACAC
QSOX2,CTTGGTC
RAB11FIP1,CTATAAC
RAB13,CGCGTTC
RAB20,CTGATTC
RAB40C,CTTAAAC
RAB9A,CAACGAC
RABEP1,CGGCGGC
RAF1,CGAGCGC
RAI1,CCGGCCC
RB1,CATGCAC
RBBP5,CTGTGAC
RBM12,CATGGTC
RBM15,CGGTTTC
RBM15B,CTACCGC
RCOR1,CTAGCAC
REPIN1,CGTCTAC
RFX5,CCAAGTC
RHOBTB2,CGAACCC
RNF139,CATCTCC
RNF145,CCATCCC
RNF213,CCTCATC
RNF26,CACTCAC
RNF38,CAGGTCC
ROCK2,CTCGGGC
ROR2,CACCCAC
RPA3,CCTGCTC
RPL36A,CTACGAC
RPL37,CCAACGC
RPP14,CGGCGCC
RPP25,CCTTAAC
RPRD2,CACTTGC
RPS27L,CATTCAC
RPS28,CCAGCAC
RPS3,CCAAAGC
RPS6KB1,CAGTGAC
RPTOR,CTGAATC
RPUSD2,CAAAGCC
RREB1,CCAGGCC
RRM1,CGCCACC
RRP1B,CCCATTC
RSAD1,CGCAGGC
RUNDC1,CACTCGC
RUSC2,CGGGTCC
RXRA,CGGTGGC
S100A13,CTATTGC
S100P,CGCAGTC
SCAF8,CCAGGGC
SCARA3,CGTTTGC
SCO1,CACAGCC
SDF2,CTCTATC
SEC16A,CGCATAC
SEC61G,CGTCGGC
SEPHS2,CTGTGGC
SERPINH1,CATAATC
SERTAD2,CCCCAAC
SERTAD3,CGCTGCC
SETD1B,CTACCTC
SETD2,CGAGTTC
SETD5,CACTAGC
SETDB1,CTGATAC
SETX,CACTACC
SF3B1,CTAACCC
SF3B3,CCGAGAC
SFI1,CCCAAAC
SFT2D2,CTGTTAC
SGSH,CCTAATC
SH3BP4,CTGATCC
SH3PXD2A,CCAATAC
SH3PXD2B,CCATGGC
SIK3,CACGACC
SIN3A,CTTCTAC
SIPA1L1,CATGGCC
SLC12A7,CGGATAC
SLC16A1,CATCCAC
SLC16A3,CCGGAGC
SLC16A5,CAAACGC
SLC25A25,CTATTAC
SLC25A28,CGTAGCC
SLC25A29,CTACCCC
SLC26A2,CACTGGC
SLC29A2,CAGTATC
SLC2A3,CGCGCCC
SLC2A6,CAATGCC
SLC30A1,CCCACGC
SLC35E1,CTGGACC
SLC35E2B,CGCATTC
SLC38A7,CACAGAC
SLC39A10,CATCATC
SLC3A1,CGCGCAC
SLC5A3,CCGCCAC
SLC7A1,CTGCTAC
SLC7A5,CTTGTTC
SLMAP,CGTACGC
SLPI,CGGAAAC
SMAD3,CCGGGCC
SMAD5,CGTCGCC
SMARCA5,CGTTGCC
SMARCC1,CCGTCGC
SMCR8,CCTTCGC
SMG1,CCCAGCC
SMG8,CAGGCAC
SMURF1,CAACGCC
SND1,CAGAGAC
SNHG20,CGTAATC
SNN,CGCGTGC
SNRNP200,CTTCCGC
SNRPG,CCTCAGC
SNX33,CCAGTAC
SOCS2,CGCCAAC
SOCS4,CCACCAC
SOGA1,CCTCGTC
SON,CCAAGCC
SP1,CCTTAGC
SPAG5,CGCGGCC
SPARC,CGCTGAC
SPATA2,CAGAGTC
SPIN1,CGGGAGC
SPIN3,CGTGGAC
SPSB1,CTCGAGC
SPTAN1,CGGGCTC
SPTBN1,CTGGCAC
SRCAP,CTGCATC
SREBF1,CTATCCC
SRRD,CCATCTC
SRRM2,CGCAACC
SRSF1,CAGATGC
SRSF7,CTAGCGC
SRSF9,CTTGGAC
SSR2,CGCTCCC
ST3GAL2,CCAGACC
STC2,CTTAATC
STK35,CCTAAGC
STX6,CATGAGC
SUB1,CGCTTCC
SURF2,CCCCGGC
SUV39H1,CGTTACC
SYDE1,CAAGAGC
SYNPO,CTTTGTC
TAB2,CCCTCCC
TACC3,CTACTTC
TADA2B,CATACTC
TAF1,CCGCCGC
TAF15,CATAACC
TAF1C,CAGCATC
TANC2,CTAACAC
TAPBP,CGGGAAC
TARDBP,CACGCGC
TATDN2,CCGTGAC
TBC1D10B,CGCGTCC
TBC1D16,CAGGGCC
TBC1D9B,CATACAC
TBL1X,CCTGAGC
TCF19,CTTGGCC
TCF20,CCTTTTC
TCF3,CCCTGAC
TET3,CTAGCTC
TFRC,CACGTTC
TGIF1,CAGACCC
TGIF2,CAACACC
THAP11,CAGCCGC
THBS1,CGTTGAC
THRAP3,CTTAGTC
TIA1,CTGGCGC
TICAM1,CGAAGGC
TIMM22,CATGCGC
TIMP2,CATAGGC
TIPARP,CTCATTC
TLN1,CATATGC
TM9SF1,CCGAAGC
TMEM126B,CCCGTCC
TMEM184B,CTTGCAC
TMEM186,CAAGTTC
TMEM223,CTAGGTC
TMEM43,CCTTGCC
TMEM97,CAACTGC
TMPO,CCAGTGC
TMX1,CCTATGC
TNFAIP1,CGCTATC
TNFRSF10B,CCGCTCC
TNPO1,CAAGCTC
TNRC18,CAAGTGC
TNS3,CCCTTGC
TOB1,CGTGCTC
TOP2A,CGAGTAC
TOP2B,CATATAC
TOR1AIP2,CAGCGCC
TOR1B,CAAATGC
TOR3A,CAGCTTC
TPPP,CTTGACC
TPX2,CGAGCTC
TRA2A,CATTAGC
TRAK1,CTCTCTC
TRAPPC1,CCAACCC
TRAPPC12,CCGCGAC
TRIM32,CGTGTTC
TRIM52,CGCTCGC
TRIM56,CGTTCTC
TRIO,CGTTATC
TRIP12,CGTGATC
TRMT112,CCTATTC
TRRAP,CTATCAC
TRUB2,CTTAGGC
TSC1,CTTACGC
TSC22D1,CCGCGTC
TSFM,CAAGTCC
TSHZ1,CGACGAC
TSPAN3,CCCCGAC
TSPAN4,CATGCCC
TSPYL1,CGGCGTC
TTI1,CAGTCTC
TTLL3,CCCATGC
TTYH3,CGCAAGC
TUBGCP6,CATTTCC
TXLNA,CCGCAAC
TXNDC11,CTGGGCC
TXNDC15,CCATGAC
TXNDC17,CTACACC
TYMS,CGGCAAC
UBAP1,CGTCACC
UBE3A,CGAATCC
UBE3B,CCCTCAC
UBL4A,CCTGTAC
UBQLN2,CCCGTGC
UBR5,CTGAGCC
UCHL5,CTTAACC
UFL1,CCCAATC
UHRF1,CTCGCAC
UMPS,CGCCCTC
UNC13B,CTTCAAC
UNC45A,CCAGCGC
UNC50,CGCCAGC
UNG,CGCGTAC
UPF1,CAGTAGC
URB1,CCCACCC
URB2,CTGGTAC
URGCP,CTTGGGC
USF1,CTCAGAC
USP10,CCCCCAC
USP19,CGACGGC
USP30,CAGAAGC
USP9X,CCACAAC
VCL,CTGGCCC
VIRMA,CGTGCAC
VPS18,CATAAAC
VPS37B,CTTTAGC
VPS39,CATGTCC
WBP1,CGCCCCC
WDR6,CGGCATC
WDR83OS,CAGTCAC
WDR90,CTTCACC
WFS1,CGCTGTC
WNK1,CACGGCC
WNT7B,CACATCC
WRNIP1,CAGGACC
WTAP,CGTCAAC
XIST,CACCAAC
XRCC2,CGATATC
XXYLT1,CGTGAGC
XYLT1,CGTAAGC
YBX3,CTTGCCC
YY1,CCGGTTC
ZADH2,CGGGTGC
ZBED4,CAAACCC
ZBED5,CCCTTTC
ZBTB12,CGTCCAC
ZBTB2,CTCGGAC
ZBTB22,CACTCCC
ZBTB38,CCTACGC
ZBTB4,CTCGTCC
ZBTB5,CGGGCCC
ZBTB7B,CGAGGGC
ZC3H11A,CGTAGTC
ZC3H13,CCGGACC
ZC3H4,CGGAATC
ZCCHC14,CCTAGTC
ZCCHC4,CCATGTC
ZFHX3,CTTCTTC
ZFP36L2,CTCACCC
ZFP64,CAGGGTC
ZFX,CAGCAGC
ZHX1,CGGACTC
ZHX3,CGTAGGC
ZKSCAN1,CTTCATC
ZMYND8,CCGAGTC
ZNF121,CAGCTCC
ZNF146,CCCACAC
ZNF148,CCCGAAC
ZNF207,CTACTAC
ZNF3,CTGCGGC
ZNF317,CAATCAC
ZNF451,CGCTTAC
ZNF460,CTTATAC
ZNF473,CCCATAC
ZNF496,CATATCC
ZNF511,CAATACC
ZNF544,CGCGACC
ZNF581,CTGGGTC
ZNF592,CGCGGAC
ZNF622,CTAGAGC
ZNF703,CGCTCAC
ZNF768,CTGTAGC
ZNF831,CGCTTTC
ZNFX1,CCCTTCC
ZNRD1,CCGCTAC
ZRANB1,CGACATC
ZSCAN12,CGTGCGC
ZSCAN29,CATCGTC
ZXDC,CAAGCCC
ZYG11A,CGGGGAC